feature,importance
 g__Corynebacterium,0.0864404796729545
 g__Cutibacterium,0.05772112304916047
 g__Reyranella,0.054712450226943106
 g__Nocardioides,0.04731512394996722
 g__Micrococcus,0.04173305552541933
 g__Limnobacter,0.04047011413723973
 g__Pseudomonas,0.04020091103653354
 g__Rothia,0.04005488192227754
 g__Streptococcus,0.038636343701867554
 g__Kocuria,0.034122786579763836
