feature,importance
 g__Cutibacterium,0.13942546834975683
 g__Lawsonella,0.11100171567479222
 g__uncultured,0.08291941572819123
 g__Streptococcus,0.07211961825507208
 g__Corynebacterium,0.06736550033314476
 g__Staphylococcus,0.0655413348227566
 g__Micrococcus,0.04262579002957682
 g__Veillonella,0.032453061878119915
 g__Lactobacillus,0.02429597794277472
 g__Prevotella,0.024226055894343526
